file_name,owner_name,mine_name,north_coordinate,east_coordinate,coordinate_type
2024010045931.pdf,Luis Gabriel Agudelo Marin,missing,5.99981,-75.67722,mine entrance/bocamina
2021900044620.pdf,Hector Fabio Quwiceno Zazme Leon Londono Vera,Piednas Blancas,6.04805,-75.77432,surface/superficie
2022900035574.pdf,Carbones Beliauista Empresa Asociativa de Trabajo,missing,6.10487,-75.7043,mine entrance/bocamina
2023900007218.pdf,Wilson Armando Alverez Cano,Carbones Cerro Fusa,5.97611,-75.77035,mine entrance/bocamina
2022900008100.pdf,Tayron Alexander Boiles Sepolveda,Mina Honduras,6.0903,-75.69836,mine entrance/bocamina
2023900004823.pdf,Sebastián Medina Echavarría,Los Guaduales,6.00322,-75.67309,mine entrance/bocamina
2023900023956.pdf,Jorge Elicer Caro - Alberto Munoz | Vereda Coronado - KMS desdeel Sector de los Alpes (Titiribi),Carbones La Colina,6.05295,-75.77474,mine entrance/bocamina
2023900037367.pdf,LUIS ALONSO GRANADOS HURTADO,CJA-151-Mina El Salto-,6.06227,-75.69134,mine entrance/bocamina
